{"dxSGrwmYPrNCBguR25nXSg==":"jensen%20badge-122x71.jpg","aHe5XV8jOzRMNBl8H/p37g==":"jensen-interceptor1-800x533.jpg","lZwMH3HlZmjGO2oAeLxFuQ==":"jensen%20healey-500x333.jpg","tcvjtPR3ehwK5K3zv5Tbsg==":"047%20c102-19%20h%20tourer-800x502.jpg","a08MYvwGkXPxS2BG2KAckQ==":"earlyintcartersgreen-650x436.jpg","hZ6OceCNRNfjhJfZwPvXNw==":"103%20c059-16%20541r%20proto-800x551.jpg","6tb3QmFMD2FgJX1uXOEtXA==":"130%20cv8%20iii%20rhd%20auto-800x587.jpg","vgn+hXCap8gKqH44Ub/F7w==":"157%20rhd%20sp%20hare-brown-800x498.jpg","x4jyBUjCGWoZler8ZLp1Fg==":"187%20231-03%20s4%20conv%20rhd-800x577.jpg","5HTPrC7jV/mmK8Qa2+6Y3g==":"169%20jh2%20rhd%20xea101m%204-800x531.jpg","WrGsMVV0TAnzrn07D6FKiQ==":"jensen-interceptor1-1-800x533.jpg","aG2tul0ciDiCpWQep7Xx4Q==":"jensen%20badge-1598x932.jpg","7NcPRskeXWPu4lCuT+bgZA==":"rally-targa-tasmania-2016-peter-ullrich-sari-ullrich-1963-jensen-cv8-800x533.jpg","YdBtrR0LYKTH1LCmgdwbBA==":"interceptor_on_repco-422x263.jpg","mwUWl/Ao2EgxV2SvXIveaQ==":"bill-brunell-jensen-open-4-seater-of-ken-crawford-at-the-south-wales-auto-club-welsh-rally-1937_a-g-15103785-14258387-894x671.jpg","9R7ATNP/ZKYI+TSTTgvlyA==":"screen%20shot%202018-12-11%20at%204.00.15%20pm-2000x1068.png","bGj1AVC8YMT8zztY0q464w==":"club-plates-(1)-800x600.jpg","xhG3gAt/3SlfyvcbALDdrw==":"screen%20shot%202018-12-11%20at%204.17.19%20pm-2000x849.png","g38Z7yLrRLGY7WJmf405Vg==":"images-4-234x215.jpg","lCgGQf65MedSlDkBxDhpGA==":"images-5-236x169.jpg","Uq42+LPvPlwoGYXBy0Pisw==":"jensen_badge_hjgh_box-1024x615.jpg","xf48PWPoEX+KDBJ5rMvQlA==":"bag%20catapil-290x912.png","+LPgcozExisDBDvx3LyKRg==":"mbr-1511x1920.jpg","W92ly2EdF8DRQDYkHchdmA==":"mbr-1920x1280.jpg","kbDF10AtOBfQrZhYMhHddQ==":"baby-211x239.jpg","mK3cl8NI2Zd7V8t1aIetjQ==":"05.jpg","Ks8mN0Q1wOLBUSPeJ4OvPw==":"bamboo2-387x255.png","yhZnF7+ljXQ4rNEwZ2gGgg==":"169%20jh2%20rhd%20xea101m%204-800x531.jpg","g0g1ZTrn5Favla8o4AiB1Q==":"jensen%20badge-2000x1167.jpg","M1m+K7/3gInxMopPfVYujA==":"mbr-1920x1096.jpg","1Vm1qywKkfZX5aJdhs6BSw==":"screen%20shot%202018-12-13%20at%203.42.10%20pm-2000x1317.png","50leO7+CMLabNrCBqKAv7Q==":"screen%20shot%202018-12-13%20at%203.47.12%20pm-972x914.png","uq0XrKn3lbMjLk7fgVxXRQ==":"face8.jpg","Q1VyYqubnW2OVsP+1iZNFQ==":"face9.jpg","Rq00wLNhZ+TfvrXv5Gq4zA==":"face7.jpg","3IluuN+gZz0g0i0zNSPTvQ==":"face6.jpg","EfyPrYbkgSwpoztZ8DpPkw==":"background3.jpg","xqTOHY5p64WpTVZxL6sMPg==":"mbr-672x379.jpg","gc712LQyqPnVVkdByO6eyQ==":"mbr-672x448.jpg","o2TQ3yegMiWla+OzizLH4g==":"mbr-1-672x448.jpg","1As4gmDyubQe6xqul4bqLg==":"rego1.gif","o6Eur4nwyUGXJLn1WYMf+w==":"white-lady1-600x385.jpg","FwSd73o9i960et7J6QNBKg==":"1937%20dual%20cowl%20phaeton-1024x757.jpg","eq0kg/EKkPiDQ9Pv6BYIQA==":"brighton_commercial_vehicle_run._-_flickr_-_elsie_esq._(19)-1024x768.jpg","DtQRFsak77WGwNn/Dv8JwA==":"screen%20shot%202019-02-13%20at%2011.14.30%20am-2560x2136.png","ktYEYWKbdSY/QuUuYTemWw==":"austin%20a40%20sports-640x479.jpg","dV2PN/8xTjy2b30ZJeSBnw==":"screen%20shot%202019-02-13%20at%2011.22.05%20am-1662x918.png","jNkN6Q0u3ZPnM1DoIkhtXA==":"jensen%20pw-1000x700.jpg","4tV2zrW2FsjsF/jAapVvSA==":"jensen%206%20cyl%20interceptor-2560x1707.jpg","S7Mp5hcB4ybp3oS0VgTT1w==":"jensen%20541s-1024x593.jpg","2TTQc2M2tqB0x6PCnyIWhQ==":"screen%20shot%202019-02-13%20at%2011.34.34%20am-2022x1120.png","8HzAFSDCrarv48239UD4zQ==":"jensen%20541s-1024x593.jpg","oEP6jVjNLzoFE5CSn8rTuw==":"jensen%20541s-1024x593.jpg","ETzPb0NJYWHMCucCCBccvg==":"jensen%20541s-624x361.jpg","c33TLlmG1gsEZZY4npunJA==":"jensen%20541s-482x279.jpg","FZQU1HPQmlmL8NS7G4Dr8Q==":"jensen%20541s-482x279.jpg","J4ECVVDcNQGJ0xZHh93kjA==":"jensen%20541s-397x230.jpg","H/loM6Vp1utxretN8+y7Rw==":"jensen%20541s-397x230.jpg","eRJ9LTIqPxIvV6jHyTrPKQ==":"541s-2560x1707.jpg","rKKOoSx0m21yGXDZ5dpIcg==":"541s-2560x1943.jpg","biZVMzqe8+QZ8HdPurVMFg==":"541s-1-2560x1943.jpg","ylY1X0gP0PLpsrncBnnxGA==":"jensen%20ff-959x508.jpg","Mkz9QxWoREu/vLc9+gcHkQ==":"jensen%20sv8-307x164.jpg","X0Nh8YX9hWJ5G7DPO43v/w==":"gt%20jensen-1000x569.jpg","dgZi8DTktBJXgERniW68iQ==":"jensen%20healey-500x333.jpg","kLdYRNpTgXgjyNTUUohvyg==":"logo-208x116.jpg","uydgsYhvkSjSB3QNPic78Q==":"mg%20on%20white%20background-672x504.png","Y+HEy/lSuPhqudLYHYsd9A==":"nbe%20reception-672x448.jpg","uS9N6Y7A9uuu+EYKirxExA==":"red%20jh-758x393.jpg","GmT7bUfzctuUQHiAWi8JoA==":"hea4k-707x557.jpg","jeEkULgLl1vr+j9/WvwCrA==":"jensen%20white%20lady-2-1280x720.jpg","OJ4QKqqxP16HgpqbKXEHNg==":"541-a-811x385.jpg","4sLaJaFc9Oscst41zRwytQ==":"541s-2558x1941.jpg","lEckHBireDaPhuzaQSRnpg==":"intercept%20convert-861x333.jpg","5qcEIQ+qasF2xgpCTxYffA==":"intercept%20convert-861x333.jpg","yZ7RCn0J4AOjise/JQfJdQ==":"interceptor-857x283.jpg","ggJIF86o3gMuDq3UjZobuw==":"intercept%20convert-861x333.jpg","vCouVOheOrVSzAmc/yVD1Q==":"interceptor-3-843x321.jpg","dgzNYAGA6G0IsACqv1F26A==":"logo-218x122.png","gwdKqqbHUCb5HpJlOz2Cww==":"jensen%20rear%20glass-1000x566.jpg","8fhAQuHOkvZASA/KLwMNlA==":"jensen%20110-55032-1680x648.jpg","qZt+x0C9ry0q46Pl6baZAA==":"jensen%20110-55032-2560x987.jpg","66OI8uZtWwqkfgep+5ff7w==":"jensen%20110-55032-2000x771.jpg","EH3bY+YOhnZg82I9PZHbyQ==":"jh%20img-1040-2000x1500.jpg","hPqff2AdtZQS09K+Kp2Wyw==":"background1.jpg","GrXWhdr1XN6jKalRV5uS9A==":"2013_0421_132847a-1000x717.jpg","c3H+4L0wpiIIht14PbT0Iw==":"2010_0404_103631a-1000x750.jpg","uCv/frls92XCxSffRK6cxg==":"logbook-750x1094.jpg","PdMhXTnfigh0XDaKZAeXQA==":"02.jpg","o7iQlotk0mK+7uJ5eijNkg==":"nsw%20club%20plate2-672x276.jpg","4quyA7L7SOJ9rZLFIm9CDw==":"vic2016clubpermit62006h-629x216.jpg","2pnvBfPN8/wNMnmKI5Hfww==":"screen%20shot%202019-03-01%20at%202.50.34%20pm-672x298.png","rWgLF7bww+DBV2JZcAN7PQ==":"2008_0323_133701a-1000x709.jpg","IhXSqIj2uVJaGd0zU5iFeQ==":"2008_0323_133701a-1-1000x709.jpg","Pd1Shs4gJ1/5w11O+u6Vmw==":"2014_0419_135015a-926x525.jpg","c/evxX2xwKrkWqWpfvom/g==":"white%20lady3-2172x1777.jpg","DfX8zevRq3ge0d7Et1KfmQ==":"white%20lady%20083a%20j267-1840x815.jpg","1/7XXMKZhQXttIqMXHijiQ==":"screen%20shot%202019-02-13%20at%2011.14.30%20am-2560x2136.png","CaOXOMTYpsebuiaLx8oDGQ==":"sv8%20dsc-71-2200x1616.jpg","FyLHOFeIoYgTxw1GUmoC1w==":"pre-war-2198x1800.jpg","ir+9kVmx63A3FX6Q8qWYrA==":"austin-healey%20100-1920x1440.jpg","YcgZ9HTcWmm2j8efawUUvg==":"cv8-2352x1954.jpg","8wZwI58CdL0zJaEv0RM3zw==":"whitejen-1445x676.jpg","8BPQ4spc1sFhXVcznRRmHg==":"redjen-2000x651.jpg","h0/nrkM/MgY6ATEnZ+rsWQ==":"redjen-1-2000x651.jpg","Cxpk7puLxYVbyguPAaRmpw==":"redjen-2-2000x651.jpg","+Tje36POtPlcEI5EIefXxw==":"redjen-1810x737.jpg","2BNLO/egMIpJIQTa5rHmcQ==":"2006_0416_135151a-2000x1369.jpg","fpeZ3imQ8O0DyMib/rQijQ==":"2006_0416_135237a-2000x1298.jpg","qg5Tm8v0bIwxj9LTZd9NlQ==":"2006_0416_135237a-1-2000x1298.jpg","axvE/VKRgXuh9YV2WGoEBg==":"2006_0416_135237a-2000x888.jpg","tcXxfveCfpU4B+t/8+LYpw==":"2-intercept-870x356.jpg","ORObz7fkoG12a4jcM+5miA==":"redhealey-2443x2616.jpg","7/Ig0El8oGpuVRfuUqI3oQ==":"bryan%20gregson-666x500.jpg","iUrXcA3UD4gKbI6owt808Q==":"tony%20cope-666x443.jpg","gUKkjwVg7xWRD9Fv1ohNeA==":"2004_0412_090832a-2000x1538.jpg","oad6vUZFPlpUHbpP2AgmgQ==":"mga%20flag%20banner.svg","I0TTAVgxgYP3dl88Z6AbuQ==":"mbr-1920x1357.jpg","HCPgzhDtuzMmVoG5xRoL9g==":"logo-218x122-218x122.png","ShY/7wPqTiN+eWHWnCdbhg==":"logo%20shop-605x378.png","lxnlL9+/xdarEIUYabSgfg==":"jcca%20logo-vector.svg","SK4BihcY3/6/ARIP7NFk4w==":"jcca%20logo-vector.svg","CjH0+XgvqaKTr9S8xVWZqA==":"2009_0412_094217a-1000x674.jpg","MWN07lG9HpzNg0T76Ta0mw==":"jensen%20110-55032a-2000x771.jpg","1iRRyT1H/tsoaj8BYdI0kQ==":"jh%20img_1040a-2000x956.jpg","D4kXM6XY69ETyU59ID5kkQ==":"jh%20img_1040a-2000x989.jpg","j2yXNs0cCTr9N/uV/eULMQ==":"jh%20img_1040a-2000x1148.jpg","CmnPK0KnxZIcwXP2i2Ezvw==":"jh%20img_1040a-2000x1169.jpg","VUe5bVSZeP28NlPocFFuMw==":"jcca%20logo-vector-onblk.svg","3b4kV04xOm872niaEL5+Gg==":"blue%20jh-2048x1365.jpg","Sv+4hw1u/QVPaHHPV9Tkbw==":"gun%207n%20jensen%20healey-l-800x569.jpg","fTI97kbyLuadjTDXlLU+HQ==":"2008_0323_100922a-1000x750.jpg","DgGUQlQxXuL8rWLvGBTkbQ==":"2008_0323_113235a-1000x710.jpg","EQhZ8p3FvQPXhiuJBAdPrA==":"2016_0327_112903a-1000x750.jpg","ciCB1zR32p7f+CfMc2hA2Q==":"03.jpg","9LvxxxxDGmrjRREHpi9mzg==":"inteceptor%20mk1-640x480.jpg","ltHx5zp9TKvsvbMXqGirTQ==":"burg%20mk2%20intercept-2560x1619.jpg","tKenRi6Byjl9HFdEl/T8lA==":"mk3-1974-jensen-interceptor-1280x772.jpg","372g+W7UQIykBHl4k6ET9Q==":"mk2%20interceptor-598x411.jpg","pFDmlrEhWCblC3acnxozcQ==":"convert%20inter-2000x847.jpg","H6HrXLn/n2DbN7px7I30Hw==":"convert%20inter-2000x877.jpg","Zjf7xp2h4/kfC4zT2xVz2w==":"1931conv-504x378.jpg","k4jbBl8Hg+s0QsWc3S+qbA==":"1931conv-504x295.jpg","KMCON3rf2vYWOsI+8a+T+w==":"1974%20jensen%20interceptor%20convert-800x600.jpg","kP7A97PEkWVh5TDd3K/wKg==":"healey-2160x1084.jpg","bozk3YrF1aMobu7jM5dwAQ==":"jensen-healey-gt-1024x640.jpg","i8ZCH9mk0Mtcip8tIgqVMg==":"shooting%20brake-1920x1440.jpg","jQXZQIg83z9msdxEA6tc7g==":"logo-red-354x101.png","R8EKdMBH3YwsVkqTeqrklw==":"logo-red-624x227.png","uAsi0C9E8WmNP+PrCs6pqw==":"screen%20shot%202019-03-06%20at%2011.38.53%20am-2000x1923.png","reV0Ei3P3K5YaJzMiSps6Q==":"screen%20shot%202019-03-06%20at%2011.38.53%20am-85x48.png","BLq+DQfoaCg6dUq150KbYg==":"mt-wellington-from-salamanca-550x366.jpg","7k6C4hcda7FzYvRaDYbLag==":"mt-wellington-from-salamanca-1024x576.jpg","3M8iIA/Smwle6x2zJUIPlw==":"screen%20shot%202019-03-06%20at%2011.42.49%20am-2000x1240.png","eXcluitEYa2yiGTTVLpN/Q==":"screen%20shot%202019-03-06%20at%2011.42.49%20am-85x48.png","bb5nPgL20EhraBQO0kF2zQ==":"screen%20shot%202019-03-06%20at%2011.43.23%20am-2000x1666.png","MLa1ag/lGuuhOiOpe+gikg==":"mt-wellington-from-salamanca-960x360.jpg","C07LxlEGUZ8FZL/erFFVOw==":"slide1-960x360.jpg","saoXN5mdI6Y5Z9KkAg+kfA==":"screen%20shot%202019-03-06%20at%2011.42.49%20am-960x360.jpg","Tl2kbRr1E4TUx4bhEuGDLA==":"screen%20shot%202019-03-06%20at%2011.38.53%20am-960x360.jpg","Nf6R7DF6pVi13CWCQrdbjw==":"slide3-1024x576.jpg","XoqWau73g18cBvTs0Ktcng==":"screen%20shot%202019-03-06%20at%2011.42.49%20am-1024x576.jpg","Mh8xf5pbJ5zqxqtikTDWgg==":"slide1-1024x576.jpg","j1hpLs6SNqzJ1H+iQzmqBA==":"screen%20shot%202019-03-06%20at%2011.38.53%20am-1024x576.jpg","2kz+LS8ejn5+zupYF18ucQ==":"screen%20shot%202019-03-06%20at%2011.44.09%20am-2000x1095.png","lPqAFs8ylvrR6flG7/P+DA==":"vicroads-222x166.jpg","iO86zZnd2/bCWtF922jzvg==":"steering%20whl%202705gc-2000x1500.jpg","VzSMp8HoZwcHCvgiw3gnTw==":"279a%20tiger%20b382100632hro-2000x1333.jpg","+F3FVVvj5/9qZgA5+nJsBA==":"nsw%20trms-222x54.png","KOcxe10bNwAh5RBDdAYTyw==":"dpti_sa-222x46.jpg","OhW4xKdX+e/6aMaEEtJHRA==":"copper%20convert%20intercept-2000x1075.jpg","ovFLiSaSGPFCWc+QDkl0tQ==":"copper%20convert%20intercept-2000x1348.jpg","WhG41Pq/Qqq+6cnKesz4Tw==":"copper%20convert%20intercept-2000x1455.jpg","Bl1txGoeu0t5p8BKWoKJ0g==":"copper%20convert%20intercept-595x429.jpg","bFlUmoTygW94f6D6oa+nog==":"copper%20convert%20intercept-1240x894.jpg","JKxLCv+sOI89NttAfooXhQ==":"trm%20logo-150x36.png","Keel9Ml5b6JeS9rke2TQoQ==":"nsw%20tra-656x246.png","xGir480WRhHcrARZ7IqudA==":"vicroads-blk-364x81.png","2Em1xAveZtop5pQ9bcT7cw==":"footer%20back%20nsw-1950x140.jpg","OMqfJPxwHsNmVkhlhRp5ww==":"footer%20back%20nsw-1046x140.jpg","QQuMkgNkJqdCw+ee9DzOBA==":"footer%20back%20nsw-1046x140.jpg","rfxxFyl8zUpa11yLeELOOQ==":"footer%20back%20nsw-914x811.jpg","QdqKm3wwBz9lNGFtaqtd+A==":"footer%20back%20nsw-1950x1559.jpg","JUlT+jxW6SSj3YzYCgFFsQ==":"footer%20back%20nsw-458x217.jpg","AeOJ8nn8iouxKb0T/yp6Bw==":"blank-portrait-792x792.png","PtKzCQP3AS3KjLl0NzqMgA==":"blank-black-792x792.png","Ze04b3bOZTObXdE6wBJ2tg==":"vicroads-black-792x792.jpg","52FSOp5wVK/NGO9R2HGWRg==":"vic%20permit-2.svg","N32haxHd6l5SDVUXJrdOqQ==":"vic%20roads%20card.svg","Yz/XGYM+0CNOPDlLQIWIEw==":"background9.jpg","ZCvgZt5Eh1ZXEXClQ+sG5A==":"john%20reid.svg","z1qhouR7qgo2rFOHPVziDA==":"trms%20logo%20card.svg","zh8QUA+xrmNvRxfwbrjDYQ==":"trms%20logo%20card.svg","JzS+Ot4uM2Dg/x5N82CcwA==":"trms-1-logo.svg","m5Ok+78pvEBKPiS5He+nuA==":"trms-card.svg","fKUzLDaYJUOhSqXyNTZVQA==":"blank-portrait-1-792x792.png","Z1ChNEz5XVobqSfd9rYnDQ==":"bryan%20gregson-666x500.jpg","jlWW128XvtiDxn65pYRoZg==":"tony%20cope-666x443.jpg","nyxEEg8kdVL+6agl6XaCeA==":"blank-portrait-2-792x792.png","uLL6elZlW9n5qffALaFBxA==":"blank-portrait-3-792x792.png","H8U4oFElLm6pADSMNL2rRQ==":"blank-portrait-648x648.png","WAMlAGRz+/Pnfbax3BC+hQ==":"blank-portrait-1-648x648.png"}